Competitor name,Rank on Google,Pricing?,Is Primary Product/Direct Competitor?,Is their page optimised for the keyword?,Site Analysis Keyword Cloud
Foxybingo,<best online bingo sites: 1 >,£0.10 - £0.15,No,No,Bingo game tickets
Mecca Bingo,<good online bingo sites: 1 >,2p - £2.50,Yes,No,Play Bingo Now
Buzz Bingo,<online bingo welcome bonus: 1 >,£10,Yes,Yes,Bingo bonus
Heart Bingo,<bingo sites with bonus: 1 >,£10,No,Yes,Bingo bonus
Jackpotjoy,<bingo signup bonus: 3>,£10,Yes,Yes,Bingo games
casino.n1bet,<no deposit free bingo win real cash: 1 >,$1,No,Yes,Play Bingo Games
majesticbingo,<bingo websites free bonus: 3>,Free,Yes,Yes,Bingo bonus
Bingoblitz,<free internet bingo: 1 >,Free,Yes,Yes,Free online bingo
FunnyGames ,<free bingo sites: 7 >,Free,Yes,No,Bingo games
Pogo,<free internet bingo games: 1 >,Free,Yes,Yes,Free online bingo games
Let's Play Bingo,<free bingo website: 2 >,Free,Yes,Yes,Free bingo
Arkadium,<play bingo online free: 1 >,Free,Yes,Yes,Free online bingo
Kevin games,<free online bingo games for free: 6>,Free,Yes,Yes,Best bingo games
Absolute Bingo,<free bingo games online: 6 >,Free,No,Yes,Free bingo games
My Free Bingo Cards,<bingo online free: 4 >,Free,Yes,Yes,Virtual bingo game
HeyBingo,<online games free bingo: 6 >,Free,No,Yes,Free bingo games online
ladbrokes,<bingo sites with free bingo: 5 >,£5,No,No,Online Bingo
Live Play Bingo,<live bingo online: 1 >,Free,Yes,Yes,Live Bingo games
Sun Bingo,<online bingo games: 7 >,£10,No,Yes,bingo slots games
CardzMania,<online bingo play: 19 >,Free,Yes,Yes,Play Bingo Online